{"total_kwh": 0.11848914107087653, "last_ts": 1778799101.9337175}